Date,Close
1/2/2014,58.21
1/3/2014,58.66
1/6/2014,59
1/7/2014,58.32
1/8/2014,58.87
1/9/2014,58.76
1/10/2014,58.49
1/13/2014,57.7
1/14/2014,57.74
1/15/2014,59.49
1/16/2014,58.99
1/17/2014,58.11
1/21/2014,58.17
1/22/2014,57.59
1/23/2014,56.47
1/24/2014,55.09
1/27/2014,55.09
1/28/2014,55.74
1/29/2014,55.53
1/30/2014,56
1/31/2014,55.36
2/3/2014,54.31
2/4/2014,54.95
2/5/2014,55.21
2/6/2014,56.48
2/7/2014,56.62
2/10/2014,56.74
2/11/2014,57.43
2/12/2014,57.52
2/13/2014,58.03
2/14/2014,58.15
2/18/2014,58.49
2/19/2014,57.26
2/20/2014,57.58
2/21/2014,57.61
2/24/2014,58.03
2/25/2014,57.03
2/26/2014,56.75
2/27/2014,56.69
2/28/2014,56.82
3/3/2014,56.21
3/4/2014,57.26
3/5/2014,58.16
3/6/2014,58.9
3/7/2014,59.4
3/10/2014,59.2
3/11/2014,58.19
3/12/2014,57.92
3/13/2014,57.42
3/14/2014,56.8
3/17/2014,57.58
3/18/2014,58.06
3/19/2014,58.3
3/20/2014,60.11
3/21/2014,60.17
3/24/2014,61.07
3/25/2014,60.93
3/26/2014,59.9
3/27/2014,59.92
3/28/2014,60.04
3/31/2014,60.71
4/1/2014,60.67
4/2/2014,60.48
4/3/2014,60.66
4/4/2014,59.81
4/7/2014,59
4/8/2014,58.85
4/9/2014,59.27
4/10/2014,57.4
4/11/2014,55.3
4/14/2014,54.96
4/15/2014,54.8
4/16/2014,55.26
4/17/2014,55.22
4/21/2014,55.03
4/22/2014,55.81
4/23/2014,56.05
4/24/2014,56.19
4/25/2014,55.7
4/28/2014,55.49
4/29/2014,56.1
4/30/2014,55.98
5/1/2014,55.72
5/2/2014,55.58
5/5/2014,54.22
5/6/2014,53.34
5/7/2014,54.05
5/8/2014,54.36
5/9/2014,54.01
5/12/2014,54.65
5/13/2014,54.62
5/14/2014,54.36
5/15/2014,53.51
5/16/2014,53.31
5/19/2014,53.83
5/20/2014,53.72
5/21/2014,54.12
5/22/2014,54.55
5/23/2014,54.53
5/27/2014,55.14
5/28/2014,55.45
5/29/2014,55.72
5/30/2014,55.57
6/2/2014,55.35
6/3/2014,55.6
6/4/2014,55.68
6/5/2014,56.63
6/6/2014,56.97
6/9/2014,57.42
6/10/2014,57.9
6/11/2014,57.27
6/12/2014,57.04
6/13/2014,57.04
6/16/2014,56.87
6/17/2014,57.42
6/18/2014,57.78
6/19/2014,57.3
6/20/2014,57.55
6/23/2014,58.19
6/24/2014,57.42
6/25/2014,57.53
6/26/2014,57.39
6/27/2014,57.53
6/30/2014,57.62
7/1/2014,57.57
7/2/2014,56.97
7/3/2014,57.05
7/7/2014,56.67
7/8/2014,55.76
7/9/2014,56.02
7/10/2014,55.56
7/11/2014,55.8
7/14/2014,56.29
7/15/2014,58.27
7/16/2014,58.71
7/17/2014,57.86
7/18/2014,58.23
7/21/2014,58.24
7/22/2014,58.67
7/23/2014,59
7/24/2014,59.17
7/25/2014,59.01
7/28/2014,59.19
7/29/2014,58.64
7/30/2014,58.91
7/31/2014,57.67
8/1/2014,56.48
8/4/2014,56.65
8/5/2014,56.06
8/6/2014,56.23
8/7/2014,55.91
8/8/2014,56.34
8/11/2014,56.32
8/12/2014,56.35
8/13/2014,56.72
8/14/2014,56.98
8/15/2014,56.75
8/18/2014,57.23
8/19/2014,57.56
8/20/2014,57.64
8/21/2014,58.5
8/22/2014,58.49
8/25/2014,59.34
8/26/2014,59.74
8/27/2014,59.59
8/28/2014,59.16
8/29/2014,59.45
9/2/2014,59.67
9/3/2014,59.7
9/4/2014,59.71
9/5/2014,59.91
9/8/2014,59.89
9/9/2014,59.06
9/10/2014,59.22
9/11/2014,59.76
9/12/2014,60.03
9/15/2014,59.94
9/16/2014,59.99
9/17/2014,60.31
9/18/2014,61.32
9/19/2014,61.11
9/22/2014,60.91
9/23/2014,60.94
9/24/2014,61.63
9/25/2014,60.15
9/26/2014,60.56
9/29/2014,60.33
9/30/2014,60.24
10/1/2014,59.77
10/2/2014,58.84
10/3/2014,60.3
10/6/2014,60.18
10/7/2014,59.27
10/8/2014,60.4
10/9/2014,59.08
10/10/2014,58.52
10/13/2014,58.16
10/14/2014,57.99
10/15/2014,55.53
10/16/2014,55.08
10/17/2014,56.2
10/20/2014,56.63
10/21/2014,57.93
10/22/2014,57.45
10/23/2014,58.06
10/24/2014,58.74
10/27/2014,58.64
10/28/2014,59.63
10/29/2014,59.29
10/30/2014,59.39
10/31/2014,60.48
11/3/2014,60.88
11/4/2014,60.25
11/5/2014,61.15
11/6/2014,61.23
11/7/2014,61.47
11/10/2014,61.93
11/11/2014,61.37
11/12/2014,60.56
11/13/2014,60.23
11/14/2014,60.28
11/17/2014,60.38
11/18/2014,60.53
11/19/2014,60.6
11/20/2014,60.12
11/21/2014,60.45
11/24/2014,60.96
11/25/2014,60.3
11/26/2014,60.34
11/28/2014,60.16
12/1/2014,60
12/2/2014,61.08
12/3/2014,61.54
12/4/2014,61.38
12/5/2014,62.7
12/8/2014,62.67
12/9/2014,62.45
12/10/2014,60.68
12/11/2014,61.14
12/12/2014,60.04
12/15/2014,59.16
12/16/2014,58.43
12/17/2014,59.77
12/18/2014,61.48
12/19/2014,61.93
12/22/2014,61.94
12/23/2014,62.48
12/24/2014,62.48
12/26/2014,62.55
12/29/2014,62.96
12/30/2014,63.15
12/31/2014,62.58
1/2/2015,62.49
1/5/2015,60.55
1/6/2015,58.98
1/7/2015,59.07
1/8/2015,60.39
1/9/2015,59.34
1/12/2015,58.83
1/13/2015,58.84
1/14/2015,56.81
1/15/2015,54.99
1/16/2015,55.93
1/20/2015,55.71
1/21/2015,55.89
1/22/2015,57.59
1/23/2015,56.68
1/26/2015,56.77
1/27/2015,56.2
1/28/2015,54.75
1/29/2015,55.67
1/30/2015,54.38
2/2/2015,55.47
2/3/2015,56.72
2/4/2015,56.38
2/5/2015,56.77
2/6/2015,57.89
2/9/2015,57.82
2/10/2015,58.46
2/11/2015,58.37
2/12/2015,59.57
2/13/2015,59.67
2/17/2015,60.1
2/18/2015,59.37
2/19/2015,59.23
2/20/2015,59.8
2/23/2015,59.35
2/24/2015,60.82
2/25/2015,61.14
2/26/2015,61.58
2/27/2015,61.28
3/2/2015,61.77
3/3/2015,61.97
3/4/2015,62.13
3/5/2015,62
3/6/2015,60.89
3/9/2015,61.5
3/10/2015,59.96
3/11/2015,60.24
3/12/2015,61.37
3/13/2015,61
3/16/2015,61.85
3/17/2015,61.61
3/18/2015,61.75
3/19/2015,61.2
3/20/2015,61.75
3/23/2015,61.14
3/24/2015,60.46
3/25/2015,59.61
3/26/2015,59.54
3/27/2015,59.55
3/30/2015,60.96
3/31/2015,60.58
4/1/2015,59.95
4/2/2015,60.52
4/6/2015,60.47
4/7/2015,60.85
4/8/2015,61.05
4/9/2015,61.47
4/10/2015,61.7
4/13/2015,62.07
4/14/2015,63.04
4/15/2015,64.21
4/16/2015,63.81
4/17/2015,62.84
4/20/2015,63.24
4/21/2015,62.31
4/22/2015,62.94
4/23/2015,62.8
4/24/2015,62.6
4/27/2015,62.34
4/28/2015,62.76
4/29/2015,63.6
4/30/2015,63.26
5/1/2015,63.61
5/4/2015,64.72
5/5/2015,64.4
5/6/2015,63.92
5/7/2015,64.5
5/8/2015,65.49
5/11/2015,65.45
5/12/2015,65.36
5/13/2015,65.52
5/14/2015,66.05
5/15/2015,65.88
5/18/2015,66.42
5/19/2015,67.01
5/20/2015,66.48
5/21/2015,66.65
5/22/2015,66.47
5/26/2015,65.73
5/27/2015,66.47
5/28/2015,66.2
5/29/2015,65.78
6/1/2015,66.08
6/2/2015,66.02
6/3/2015,66.7
6/4/2015,66.33
6/5/2015,67.42
6/8/2015,66.89
6/9/2015,67.18
6/10/2015,68.26
6/11/2015,68.52
6/12/2015,68.25
6/15/2015,67.99
6/16/2015,68.37
6/17/2015,68.14
6/18/2015,68.78
6/19/2015,68.08
6/22/2015,68.96
6/23/2015,69.75
6/24/2015,69.02
6/25/2015,68.65
6/26/2015,68.95
6/29/2015,67.2
6/30/2015,67.76
7/1/2015,68.07
7/2/2015,67.52
7/6/2015,67.33
7/7/2015,66.8
7/8/2015,65.43
7/9/2015,66.11
7/10/2015,67.05
7/13/2015,68.09
7/14/2015,69.04
7/15/2015,69.19
7/16/2015,69.56
7/17/2015,69.21
7/20/2015,69.26
7/21/2015,69.1
7/22/2015,70.08
7/23/2015,69.64
7/24/2015,68.91
7/27/2015,68.01
7/28/2015,68.05
7/29/2015,68.94
7/30/2015,69.04
7/31/2015,68.53
8/3/2015,68.53
8/4/2015,68.46
8/5/2015,68.73
8/6/2015,68.25
8/7/2015,68.05
8/10/2015,68.89
8/11/2015,68.23
8/12/2015,67.24
8/13/2015,67.55
8/14/2015,67.89
8/17/2015,68.07
8/18/2015,68.21
8/19/2015,67.6
8/20/2015,65.94
8/21/2015,63.6
8/24/2015,60.25
8/25/2015,59.91
8/26/2015,62.91
8/27/2015,64.48
8/28/2015,64.13
8/31/2015,64.1
9/1/2015,61.45
9/2/2015,62.57
9/3/2015,62.68
9/4/2015,61.5
9/8/2015,63.16
9/9/2015,62.18
9/10/2015,62.66
9/11/2015,62.56
9/14/2015,62.38
9/15/2015,63.58
9/16/2015,64.14
9/17/2015,62.65
9/18/2015,60.94
9/21/2015,61.45
9/22/2015,60.91
9/23/2015,60.64
9/24/2015,60.22
9/25/2015,61.47
9/28/2015,59.98
9/29/2015,59.84
9/30/2015,60.97
10/1/2015,61.42
10/2/2015,60.81
10/5/2015,62.02
10/6/2015,62.05
10/7/2015,62.13
10/8/2015,62.13
10/9/2015,61.93
10/12/2015,61.72
10/13/2015,61.55
10/14/2015,59.99
10/15/2015,61.89
10/16/2015,62.43
10/19/2015,62.22
10/20/2015,62.52
10/21/2015,62.06
10/22/2015,63.19
10/23/2015,63.87
10/26/2015,63.9
10/27/2015,63.64
10/28/2015,65.5
10/29/2015,65.21
10/30/2015,64.25
11/2/2015,65.54
11/3/2015,65.78
11/4/2015,65.85
11/5/2015,66.44
11/6/2015,68.46
11/9/2015,67.39
11/10/2015,67.68
11/11/2015,67.35
11/12/2015,66
11/13/2015,65.56
11/16/2015,66.51
11/17/2015,66.13
11/18/2015,67.45
11/19/2015,67.66
11/20/2015,67.54
11/23/2015,66.88
11/24/2015,66.78
11/25/2015,66.86
11/27/2015,67.17
11/30/2015,66.68
12/1/2015,67.61
12/2/2015,66.66
12/3/2015,65.8
12/4/2015,67.89
12/7/2015,67
12/8/2015,65.96
12/9/2015,65.46
12/10/2015,65.61
12/11/2015,64.07
12/14/2015,64.27
12/15/2015,66.1
12/16/2015,67.53
12/17/2015,66.28
12/18/2015,64.4
12/21/2015,65.54
12/22/2015,65.68
12/23/2015,66.73
12/24/2015,66.6
12/28/2015,66.38
12/29/2015,67.07
12/30/2015,66.59
12/31/2015,66.03
1/4/2016,63.62
1/5/2016,63.73
1/6/2016,62.81
1/7/2016,60.27
1/8/2016,58.92
1/11/2016,58.83
1/12/2016,58.96
1/13/2016,57.34
1/14/2016,58.2
1/15/2016,57.04
1/19/2016,57.01
1/20/2016,55.51
1/21/2016,55.25
1/22/2016,56.95
1/25/2016,55.66
1/26/2016,57.08
1/27/2016,57.04
1/28/2016,57.28
1/29/2016,59.5
2/1/2016,58.86
2/2/2016,57.03
2/3/2016,57.41
2/4/2016,58.4
2/5/2016,57.75
2/8/2016,56.54
2/9/2016,56.2
2/10/2016,55.52
2/11/2016,53.07
2/12/2016,57.49
2/16/2016,58.35
2/17/2016,58.77
2/18/2016,57.81
2/19/2016,57.82
2/22/2016,58.57
2/23/2016,56.12
2/24/2016,56.14
2/25/2016,57.01
2/26/2016,57.54
2/29/2016,56.3
3/1/2016,59.2
3/2/2016,59.76
3/3/2016,59.96
3/4/2016,60.05
3/7/2016,59.94
3/8/2016,58.78
3/9/2016,59.12
3/10/2016,58.61
3/11/2016,59.34
3/14/2016,59.12
3/15/2016,59.2
3/16/2016,58.92
3/17/2016,58.75
3/18/2016,60.48
3/21/2016,60.46
3/22/2016,60.24
3/23/2016,59.94
3/24/2016,59.48
3/28/2016,59.4
3/29/2016,59.03
3/30/2016,59.71
3/31/2016,59.22
4/1/2016,59.87
4/4/2016,59.2
4/5/2016,58.36
4/6/2016,58.81
4/7/2016,57.32
4/8/2016,57.74
4/11/2016,58.2
4/12/2016,59.28
4/13/2016,61.79
4/14/2016,62.59
4/15/2016,61.87
4/18/2016,62.27
4/19/2016,63.32
4/20/2016,64.24
4/21/2016,63.6
4/22/2016,63.97
4/25/2016,63.6
4/26/2016,63.93
4/27/2016,64.11
4/28/2016,63.6
4/29/2016,63.2
5/2/2016,63.79
5/3/2016,62.56
5/4/2016,62.56
5/5/2016,61.24
5/6/2016,61.6
5/9/2016,61.21
5/10/2016,62.04
5/11/2016,61.81
5/12/2016,61.77
5/13/2016,61.2
5/16/2016,61.66
5/17/2016,61.66
5/18/2016,64.04
5/19/2016,63.39
5/20/2016,63.51
5/23/2016,63.46
5/24/2016,64.54
5/25/2016,65.52
5/26/2016,65.03
5/27/2016,65.43
5/31/2016,65.27
6/1/2016,65.69
6/2/2016,65.81
6/3/2016,64.64
6/6/2016,65.28
6/7/2016,65.06
6/8/2016,65.25
6/9/2016,64.75
6/10/2016,63.84
6/13/2016,63.27
6/14/2016,62.08
6/15/2016,61.97
6/16/2016,62.22
6/17/2016,62.28
6/20/2016,62.37
6/21/2016,62.95
6/22/2016,62.71
6/23/2016,64.05
6/24/2016,59.6
6/27/2016,57.61
6/28/2016,59.52
6/29/2016,61.2
6/30/2016,62.14
7/1/2016,61.26
7/5/2016,59.55
7/6/2016,60.19
7/7/2016,60.19
7/8/2016,61.83
7/11/2016,62.27
7/12/2016,63.2
7/13/2016,63.16
7/14/2016,64.12
7/15/2016,64.18
7/18/2016,63.96
7/19/2016,63.86
7/20/2016,63.93
7/21/2016,63.69
7/22/2016,64.04
7/25/2016,63.87
7/26/2016,64.13
7/27/2016,64.33
7/28/2016,64.1
7/29/2016,63.97
8/1/2016,63.8
8/2/2016,63.65
8/3/2016,64.66
8/4/2016,64.56
8/5/2016,66.3
8/8/2016,66.1
8/9/2016,65.87
8/10/2016,65.28
8/11/2016,65.46
8/12/2016,65.32
8/15/2016,65.72
8/16/2016,65.71
8/17/2016,65.89
8/18/2016,65.95
8/19/2016,65.86
8/22/2016,65.8
8/23/2016,65.77
8/24/2016,65.95
8/25/2016,66.07
8/26/2016,66.22
8/29/2016,66.95
8/30/2016,67.5
8/31/2016,67.5
9/1/2016,67.21
9/2/2016,67.49
9/6/2016,67.44
9/7/2016,67.16
9/8/2016,67.25
9/9/2016,66.65
9/12/2016,67.06
9/13/2016,66.53
9/14/2016,66.4
9/15/2016,66.64
9/16/2016,65.82
9/19/2016,66.19
9/20/2016,66.46
9/21/2016,66.84
9/22/2016,67.39
9/23/2016,67.25
9/26/2016,65.78
9/27/2016,66.36
9/28/2016,66.71
9/29/2016,65.65
9/30/2016,66.59
10/3/2016,66.51
10/4/2016,66.6
10/5/2016,67.69
10/6/2016,67.87
10/7/2016,68.11
10/10/2016,68.64
10/11/2016,68.31
10/12/2016,68.13
10/13/2016,67.74
10/14/2016,67.52
10/17/2016,67.17
10/18/2016,67.7
10/19/2016,68.35
10/20/2016,68.26
10/21/2016,68.49
10/24/2016,68.87
10/25/2016,68.8
10/26/2016,69.13
10/27/2016,69.23
10/28/2016,69.11
10/31/2016,69.26
11/1/2016,68.97
11/2/2016,68.68
11/3/2016,68.38
11/4/2016,67.76
11/7/2016,69.88
11/8/2016,70.03
11/9/2016,73.25
11/10/2016,76.65
11/11/2016,76.69
11/14/2016,79.51
11/15/2016,79.36
11/16/2016,77.4
11/17/2016,78.02
11/18/2016,77.71
11/21/2016,78.05
11/22/2016,78.53
11/23/2016,78.86
11/25/2016,78.83
11/28/2016,78.32
11/29/2016,78.92
11/30/2016,80.17
12/1/2016,81.79
12/2/2016,81.6
12/5/2016,83.26
12/6/2016,83.69
12/7/2016,84.07
12/8/2016,85.12
12/9/2016,85.49
12/12/2016,84.73
12/13/2016,84.76
12/14/2016,84.73
12/15/2016,86
12/16/2016,84.94
12/19/2016,85.43
12/20/2016,86.53
12/21/2016,86.75
12/22/2016,86.89
12/23/2016,87.05
12/27/2016,87.13
12/28/2016,86.5
12/29/2016,85.89
12/30/2016,86.29
1/3/2017,87.23
1/4/2017,86.91
1/5/2017,86.11
1/6/2017,86.12
1/9/2017,86.18
1/10/2017,86.43
1/11/2017,87.08
1/12/2017,86.24
1/13/2017,86.7
1/17/2017,83.55
1/18/2017,83.94
1/19/2017,83.3
1/20/2017,83.67
1/23/2017,83.71
1/24/2017,84.72
1/25/2017,86.03
1/26/2017,86.75
1/27/2017,86.93
1/30/2017,86.03
1/31/2017,84.63
2/1/2017,84.95
2/2/2017,84.59
2/3/2017,87.18
2/6/2017,86.77
2/7/2017,86.72
2/8/2017,85.96
2/9/2017,87.2
2/10/2017,87
2/13/2017,88.15
2/14/2017,89.56
2/15/2017,90.59
2/16/2017,90.53
2/17/2017,90.23
2/21/2017,91.01
2/22/2017,91.06
2/23/2017,91.13
2/24/2017,90.33
2/27/2017,90.43
2/28/2017,90.62
3/1/2017,93.6
3/2/2017,92.14
3/3/2017,92.8
3/6/2017,91.92
3/7/2017,91.41
3/8/2017,91.21
3/9/2017,91.57
3/10/2017,91.28
3/13/2017,91.36
3/14/2017,91.51
3/15/2017,91.73
3/16/2017,91.64
3/17/2017,90.68
3/20/2017,90.03
3/21/2017,87.39
3/22/2017,87.53
3/23/2017,87.39
3/24/2017,87.29
3/27/2017,87.24
3/28/2017,88.6
3/29/2017,88.27
3/30/2017,89.03
3/31/2017,87.84
4/3/2017,87.52
4/4/2017,87.31
4/5/2017,86.19
4/6/2017,86.48
4/7/2017,86.18
4/10/2017,85.88
4/11/2017,85.73
4/12/2017,85.4
4/13/2017,84.4
4/17/2017,85.86
4/18/2017,85.16
4/19/2017,84.46
4/20/2017,85.55
4/21/2017,84.52
4/24/2017,87.5
4/25/2017,88.26
4/26/2017,88.43
4/27/2017,87.61
4/28/2017,87
5/1/2017,87.06
5/2/2017,86.5
5/3/2017,87
5/4/2017,87.1
5/5/2017,87
5/8/2017,87.1
5/9/2017,86.75
5/10/2017,87.43
5/11/2017,87.16
5/12/2017,86.92
5/15/2017,87.34
5/16/2017,87.61
5/17/2017,84.27
5/18/2017,83.96
5/19/2017,84.78
5/22/2017,84.7
5/23/2017,85.76
5/24/2017,85.71
5/25/2017,85.35
5/26/2017,85.36
5/30/2017,83.9
5/31/2017,82.15
6/1/2017,83.06
6/2/2017,82.64
6/5/2017,82.79
6/6/2017,82.96
6/7/2017,83.91
6/8/2017,84.95
6/9/2017,86.96
6/12/2017,86.98
6/13/2017,87.27
6/14/2017,87.09
6/15/2017,86.57
6/16/2017,86.18
6/19/2017,88.07
6/20/2017,87.52
6/21/2017,87.12
6/22/2017,87.02
6/23/2017,86.86
6/26/2017,87.24
6/27/2017,88.05
6/28/2017,89.82
6/29/2017,91.15
6/30/2017,91.4
7/3/2017,92.75
7/5/2017,93.68
7/6/2017,93.38
7/7/2017,93.85
7/10/2017,93.19
7/11/2017,92.83
7/12/2017,92.51
7/13/2017,93.1
7/14/2017,92.25
7/17/2017,91.39
7/18/2017,91.07
7/19/2017,91.2
7/20/2017,91.2
7/21/2017,90.89
7/24/2017,91.28
7/25/2017,92.8
7/26/2017,91.93
7/27/2017,91.55
7/28/2017,91.28
7/31/2017,91.8
8/1/2017,93.03
8/2/2017,93.11
8/3/2017,92.5
8/4/2017,93.66
8/7/2017,94.02
8/8/2017,93.68
8/9/2017,93.53
8/10/2017,92.19
8/11/2017,91.42
8/14/2017,92.49
8/15/2017,92.73
8/16/2017,92.09
8/17/2017,90.65
8/18/2017,90.74
8/21/2017,90.63
8/22/2017,91.56
8/23/2017,91.67
8/24/2017,91.52
8/25/2017,91.89
8/28/2017,91.6
8/29/2017,91.1
8/30/2017,91.31
8/31/2017,90.89
9/1/2017,91.7
9/5/2017,89.51
9/6/2017,90.11
9/7/2017,88.53
9/8/2017,88.42
9/11/2017,89.79
9/12/2017,90.89
9/13/2017,91.15
9/14/2017,90.97
9/15/2017,91.62
9/18/2017,92.92
9/19/2017,93.94
9/20/2017,93.94
9/21/2017,95.03
9/22/2017,94.83
9/25/2017,94.12
9/26/2017,93.7
9/27/2017,95.18
9/28/2017,95.38
9/29/2017,95.51
10/2/2017,96.84
10/3/2017,97.35
10/4/2017,96.36
10/5/2017,97.09
10/6/2017,96.92
10/9/2017,96.41
10/10/2017,97.13
10/11/2017,96.84
10/12/2017,95.99
10/13/2017,95.86
10/16/2017,97.84
10/17/2017,97.62
10/18/2017,97.99
10/19/2017,98.11
10/20/2017,99.51
10/23/2017,99.34
10/24/2017,100.92
10/25/2017,101.02
10/26/2017,101.74
10/27/2017,101.77
10/30/2017,101.41
10/31/2017,100.61
11/1/2017,100.92
11/2/2017,101.59
11/3/2017,101.41
11/6/2017,100.78
11/7/2017,98.75
11/8/2017,97.64
11/9/2017,97.63
11/10/2017,97.51
11/13/2017,97.86
11/14/2017,97.27
11/15/2017,98.19
11/16/2017,98.47
11/17/2017,98.14
11/20/2017,99.01
11/21/2017,98.93
11/22/2017,98.64
11/24/2017,98.32
11/27/2017,97.93
11/28/2017,101.36
11/29/2017,103.73
11/30/2017,104.52
12/1/2017,104.79
12/4/2017,106.95
12/5/2017,105.72
12/6/2017,104.93
12/7/2017,104.62
12/8/2017,105.93
12/11/2017,105.62
12/12/2017,106.85
12/13/2017,105.51
12/14/2017,104.66
12/15/2017,106.14
12/18/2017,106.96
12/19/2017,106.51
12/20/2017,106.14
12/21/2017,107.83
12/22/2017,107.45
12/26/2017,107.02
12/27/2017,107.22
12/28/2017,107.79
12/29/2017,106.94
1/2/2018,107.95
1/3/2018,108.06
1/4/2018,109.04
1/5/2018,108.34
1/8/2018,108.5
1/9/2018,109.05
1/10/2018,110.25
1/11/2018,110.84
1/12/2018,112.67
1/16/2018,112.27
1/17/2018,112.99
1/18/2018,113.26
1/19/2018,113.01
1/22/2018,114.33
1/23/2018,114.21
1/24/2018,115.67
1/25/2018,115.7
1/26/2018,116.32
1/29/2018,116.2
1/30/2018,115.11
1/31/2018,115.67
2/1/2018,116.87
2/2/2018,114.28
2/5/2018,108.8
2/6/2018,112.11
2/7/2018,112.87
2/8/2018,107.88
2/9/2018,110.04
2/12/2018,111.74
2/13/2018,112.43
2/14/2018,115.03
2/15/2018,115.51
2/16/2018,114.68
2/20/2018,114.71
2/21/2018,115.19
2/22/2018,114.98
2/23/2018,117.31
2/26/2018,118.77
2/27/2018,117.36
2/28/2018,115.5
3/1/2018,113.43
3/2/2018,113.32
3/5/2018,115.06
3/6/2018,115.16
3/7/2018,114.73
3/8/2018,114.74
3/9/2018,118.04
3/12/2018,117.66
3/13/2018,116.25
3/14/2018,114.95
3/15/2018,115.24
3/16/2018,115.44
3/19/2018,114.53
3/20/2018,114.64
3/21/2018,114.74
3/22/2018,109.95
3/23/2018,107.01
3/26/2018,110.31
3/27/2018,108.17
3/28/2018,108
3/29/2018,109.97
4/2/2018,107.85
4/3/2018,109.33
4/4/2018,110.99
4/5/2018,111.88
4/6/2018,109.09
4/9/2018,110.4
4/10/2018,112.51
4/11/2018,110.62
4/12/2018,113.37
4/13/2018,110.3
4/16/2018,110.21
4/17/2018,110.21
4/18/2018,109.32
4/19/2018,111.72
4/20/2018,111.47
4/23/2018,110.93
4/24/2018,110.41
4/25/2018,109.99
4/26/2018,110.1
4/27/2018,109.4
4/30/2018,108.78
5/1/2018,108.78
5/2/2018,107.92
5/3/2018,107.24
5/4/2018,108.43
5/7/2018,109.37
5/8/2018,110.99
5/9/2018,113.41
5/10/2018,114.29
5/11/2018,113.86
5/14/2018,113.9
5/15/2018,113.03
5/16/2018,113.34
5/17/2018,112.96
5/18/2018,111.13
5/21/2018,112.15
5/22/2018,113.01
5/23/2018,112.49
5/24/2018,111.23
5/25/2018,110.66
5/29/2018,105.93
5/30/2018,108.35
5/31/2018,107.01
6/1/2018,108.4
6/4/2018,108.45
6/5/2018,107.84
6/6/2018,110.36
6/7/2018,110.8
6/8/2018,111.11
6/11/2018,110.83
6/12/2018,110.19
6/13/2018,109.97
6/14/2018,108.03
6/15/2018,107.9
6/18/2018,108.18
6/19/2018,107.55
6/20/2018,107.54
6/21/2018,107.51
6/22/2018,105.75
6/25/2018,104.79
6/26/2018,104.86
6/27/2018,103.24
6/28/2018,104.93
6/29/2018,104.2
7/2/2018,105.08
7/3/2018,103.61
7/5/2018,103.72
7/6/2018,104.06
7/9/2018,107.28
7/10/2018,106.62
7/11/2018,106.39
7/12/2018,106.85
7/13/2018,106.36
7/16/2018,110.58
7/17/2018,110.5
7/18/2018,111.53
7/19/2018,109.89
7/20/2018,111.28
7/23/2018,113.35
7/24/2018,114.15
7/25/2018,115.18
7/26/2018,114.85
7/27/2018,116.03
7/30/2018,116.73
7/31/2018,114.95
8/1/2018,115.66
8/2/2018,116.15
8/3/2018,117.09
8/6/2018,117.12
8/7/2018,117.55
8/8/2018,117.79
8/9/2018,116.88
8/10/2018,115.73
8/13/2018,113.89
8/14/2018,114.65
8/15/2018,113.7
8/16/2018,114.77
8/17/2018,114.77
8/20/2018,114.62
8/21/2018,115.32
8/22/2018,114.97
8/23/2018,114.73
8/24/2018,114.68
8/27/2018,116.71
8/28/2018,116.14
8/29/2018,115.76
8/30/2018,115.19
8/31/2018,114.58
9/4/2018,115.15
9/5/2018,114.59
9/6/2018,114.1
9/7/2018,114.32
9/10/2018,113.71
9/11/2018,114.43
9/12/2018,113.08
9/13/2018,113.52
9/14/2018,113.5
9/17/2018,113.84
9/18/2018,114.3
9/19/2018,117.62
9/20/2018,118.63
9/21/2018,117.85
9/24/2018,116.72
9/25/2018,116.39
9/26/2018,115.02
9/27/2018,114.52
9/28/2018,112.84
10/1/2018,113.5
10/2/2018,113.97
10/3/2018,115.04
10/4/2018,115.27
10/5/2018,114.62
10/8/2018,115.32
10/9/2018,114.52
10/10/2018,111.47
10/11/2018,108.13
10/12/2018,106.95
10/15/2018,106.34
10/16/2018,108.62
10/17/2018,109.83
10/18/2018,108.09
10/19/2018,107.91
10/22/2018,106.36
10/23/2018,105.25
10/24/2018,103.29
10/25/2018,104.86
10/26/2018,103.42
10/29/2018,104.85
10/30/2018,106.7
10/31/2018,109.02
11/1/2018,108.98
11/2/2018,108.38
11/5/2018,109.09
11/6/2018,109.6
11/7/2018,111.48
11/8/2018,112.38
11/9/2018,111.29
11/12/2018,108.95
11/13/2018,109.59
11/14/2018,107.33
11/15/2018,110.07
11/16/2018,109.99
11/19/2018,110.83
11/20/2018,108.45
11/21/2018,107.64
11/23/2018,106.65
11/26/2018,109.26
11/27/2018,109.72
11/28/2018,110.94
11/29/2018,110.06
11/30/2018,111.19
12/3/2018,112.24
12/4/2018,107.23
12/6/2018,105.19
12/7/2018,103.29
12/10/2018,101.36
12/11/2018,100.37
12/12/2018,101.02
12/13/2018,101.12
12/14/2018,100.29
12/17/2018,99.01
12/18/2018,98.54
12/19/2018,97.29
12/20/2018,96.45
12/21/2018,94.17
12/24/2018,92.14
12/26/2018,95.96
12/27/2018,97.04
12/28/2018,96.83
12/31/2018,97.62
1/2/2019,99.31
1/3/2019,97.11
1/4/2019,100.69
1/7/2019,100.76
1/8/2019,100.57
1/9/2019,100.4
1/10/2019,100.39
1/11/2019,99.91
1/14/2019,100.94
1/15/2019,101.68
1/16/2019,102.5
1/17/2019,102.92
1/18/2019,104.59
1/22/2019,102.94
1/23/2019,102.68
1/24/2019,102.74
1/25/2019,103.39
1/28/2019,103.88
1/29/2019,104.17
1/30/2019,104.41
1/31/2019,103.5
2/1/2019,103.88
2/4/2019,104.25
2/5/2019,103.79
2/6/2019,103.74
2/7/2019,102.38
2/8/2019,101.36
2/11/2019,100.88
2/12/2019,102.6
2/13/2019,103.09
2/14/2019,102.42
2/15/2019,105.55
2/19/2019,105.18
2/20/2019,105.69
2/21/2019,105.47
2/22/2019,105
2/25/2019,106.1
2/26/2019,105.29
2/27/2019,105.16
2/28/2019,104.36
3/1/2019,104.43
3/4/2019,104.19
3/5/2019,104.11
3/6/2019,103.72
3/7/2019,102.97
3/8/2019,103.01
3/11/2019,104.35
3/12/2019,104.04
3/13/2019,104.39
3/14/2019,105.34
3/15/2019,106.55
3/18/2019,107.19
3/19/2019,106.8
3/20/2019,104.52
3/21/2019,102.87
3/22/2019,99.76
3/25/2019,98.93
3/26/2019,99.92
3/27/2019,99.58
3/28/2019,100.71
3/29/2019,101.23
4/1/2019,104.64
4/2/2019,105.14
4/3/2019,105.35
4/4/2019,105.56
4/5/2019,105.31
4/8/2019,105.65
4/9/2019,104.87
4/10/2019,105.34
4/11/2019,106.23
4/12/2019,111.21
4/15/2019,109.94
4/16/2019,111.1
4/17/2019,114.3
4/18/2019,113.46
4/22/2019,113.6
4/23/2019,113.74
4/24/2019,113.55
4/25/2019,113.61
4/26/2019,114.47
4/29/2019,116.12
4/30/2019,116.05
5/1/2019,115.16
5/2/2019,115.41
5/3/2019,116.12
5/6/2019,115.09
5/7/2019,113.21
5/8/2019,112.61
5/9/2019,112.52
5/10/2019,112.51
5/13/2019,109.45
5/14/2019,110.32
5/15/2019,109.9
5/16/2019,111.31
5/17/2019,110.77
5/20/2019,111.35
5/21/2019,111.73
5/22/2019,110.82
5/23/2019,108.64
5/24/2019,109.71
5/28/2019,108.52
5/29/2019,108.22
5/30/2019,107.06
5/31/2019,105.96
6/3/2019,106.46
6/4/2019,109.74
6/5/2019,110.13
6/6/2019,110.37
6/7/2019,109.16
6/10/2019,110.34
6/11/2019,110.68
6/12/2019,109.27
6/13/2019,109.54
6/14/2019,109.82
6/17/2019,109.22
6/18/2019,110.71
6/19/2019,109.91
6/20/2019,110.19
6/21/2019,109.44
6/24/2019,108.66
6/25/2019,107.76
6/26/2019,108.48
6/27/2019,108.84
6/28/2019,111.8
7/1/2019,113.68
7/2/2019,113.8
7/3/2019,112.82
7/5/2019,113.49
7/8/2019,112.87
7/9/2019,113.35
7/10/2019,113.02
7/11/2019,114.1
7/12/2019,115.3
7/15/2019,113.9
7/16/2019,115.12
7/17/2019,113.99
7/18/2019,114.67
7/19/2019,113.54
7/22/2019,114.27
7/23/2019,116.36
7/24/2019,116.83
7/25/2019,115.71
7/26/2019,116.22
7/29/2019,115.85
7/30/2019,115.59
7/31/2019,116
8/1/2019,112.94
8/2/2019,112.93
8/5/2019,109.57
8/6/2019,110.43
8/7/2019,108.03
8/8/2019,109.86
8/9/2019,109.74
8/12/2019,107.68
8/13/2019,109.34
8/14/2019,104.8
8/15/2019,105.2
8/16/2019,107.72
8/19/2019,108.69
8/20/2019,107.31
8/21/2019,107.61
8/22/2019,108.72
8/23/2019,106.02
8/26/2019,106.87
8/27/2019,105.74
8/28/2019,106.8
8/29/2019,109.22
8/30/2019,109.86
9/3/2019,108.56
9/4/2019,109.87
9/5/2019,112.37
9/6/2019,112.61
9/9/2019,115.4
9/10/2019,116.87
9/11/2019,117.19
9/12/2019,117.91
9/13/2019,120.23
9/16/2019,119.16
9/17/2019,118.57
9/18/2019,119.76
9/19/2019,119.38
9/20/2019,118.9
9/23/2019,118.88
9/24/2019,117.33
9/25/2019,118
9/26/2019,117.03
9/27/2019,117.72
9/30/2019,117.69
10/1/2019,115.55
10/2/2019,113.25
10/3/2019,112.19
10/4/2019,114.62
10/7/2019,114.37
10/8/2019,111.82
10/9/2019,112.63
10/10/2019,114.21
10/11/2019,116.14
10/14/2019,116.45
10/15/2019,119.96
10/16/2019,119.68
10/17/2019,120.35
10/18/2019,120.56
10/21/2019,123.55
10/22/2019,124.79
10/23/2019,125.12
10/24/2019,125.03
10/25/2019,126.03
10/28/2019,126.51
10/29/2019,126.43
10/30/2019,125.73
10/31/2019,124.92
11/1/2019,127.8
11/4/2019,128.82
11/5/2019,129.1
11/6/2019,129.3
11/7/2019,130
11/8/2019,130.38
11/11/2019,129.92
11/12/2019,129.16
11/13/2019,128.48
11/14/2019,128.6
11/15/2019,129.53
11/18/2019,130.62
11/19/2019,130.58
11/20/2019,129.63
11/21/2019,129.93
11/22/2019,130.79
11/25/2019,131.49
11/26/2019,131.67
11/27/2019,132.06
11/29/2019,131.76
12/2/2019,131.47
12/3/2019,129.78
12/4/2019,132.34
12/5/2019,133.06
12/6/2019,135.04
12/9/2019,134.41
12/10/2019,134.5
12/11/2019,134.18
12/12/2019,138.02
12/13/2019,136.81
12/16/2019,137.34
12/17/2019,138.18
12/18/2019,138.04
12/19/2019,137.35
12/20/2019,137.24
12/23/2019,137.2
12/24/2019,137.58
12/26/2019,139.04
12/27/2019,139.14
12/30/2019,138.63
12/31/2019,139.4
1/2/2020,141.09
1/3/2020,138.34
1/6/2020,138.23
1/7/2020,135.88
1/8/2020,136.94
1/9/2020,137.44
1/10/2020,136.07
1/13/2020,137.2
1/14/2020,138.8
1/15/2020,136.72
1/16/2020,137.25
1/17/2020,138.2
1/21/2020,136.84
1/22/2020,136.68
1/23/2020,136.54
1/24/2020,133.15
1/27/2020,132.03
1/28/2020,134.43
1/29/2020,134.23
1/30/2020,135.89
1/31/2020,132.36
2/3/2020,133.37
2/4/2020,135.29
2/5/2020,137.59
2/6/2020,137.61
2/7/2020,137.17
2/10/2020,137.74
2/11/2020,138
2/12/2020,138
2/13/2020,137.88
2/14/2020,137.46
2/18/2020,135.64
2/19/2020,137.49
2/20/2020,137.49
2/21/2020,135.81
2/24/2020,132.16
2/25/2020,126.26
2/26/2020,126.64
2/27/2020,121.37
2/28/2020,116.11
3/2/2020,121.52
3/3/2020,116.96
3/4/2020,119.85
3/5/2020,113.97
3/6/2020,108.08
3/9/2020,93.44
3/10/2020,100.7
3/11/2020,95.96
3/12/2020,88.05
3/13/2020,103.91
3/16/2020,88.36
3/17/2020,93.76
3/18/2020,83.89
3/19/2020,85.3
3/20/2020,83.5
3/23/2020,79.03
3/24/2020,88.43
3/25/2020,91.73
3/26/2020,98.12
3/27/2020,91.13
3/30/2020,93.5
3/31/2020,90.03
4/1/2020,84.36
4/2/2020,87.51
4/3/2020,84.05
4/6/2020,89.46
4/7/2020,90.64
4/8/2020,94.3
4/9/2020,102.76
4/13/2020,98.19
4/14/2020,95.5
4/15/2020,90.79
4/16/2020,87.33
4/17/2020,95.18
4/20/2020,91.71
4/21/2020,89.05
4/22/2020,89.34
4/23/2020,89.39
4/24/2020,90.71
4/27/2020,94.62
4/28/2020,95.29
4/29/2020,97.86
4/30/2020,95.76
5/1/2020,93.25
5/4/2020,92.14
5/5/2020,92
5/6/2020,90.27
5/7/2020,91.21
5/8/2020,92.7
5/11/2020,89.97
5/12/2020,87.03
5/13/2020,84.03
5/14/2020,87.52
5/15/2020,85.9
5/18/2020,90.45
5/19/2020,88.67
5/20/2020,91.33
5/21/2020,90.17
5/22/2020,89.47
5/26/2020,95.82
5/27/2020,101.37
5/28/2020,99.86
5/29/2020,97.31
6/1/2020,98.6
6/2/2020,98.93
6/3/2020,104.27
6/4/2020,106.44
6/5/2020,111.23
6/8/2020,113.45
6/9/2020,110.54
6/10/2020,106.06
6/11/2020,97.21
6/12/2020,99.87
6/15/2020,101.25
6/16/2020,102.06
6/17/2020,99.48
6/18/2020,98.94
6/19/2020,97.81
6/22/2020,96.75
6/23/2020,97.93
6/24/2020,94.66
6/25/2020,97.96
6/26/2020,92.59
6/29/2020,93
6/30/2020,94.06
7/1/2020,93.26
7/2/2020,92.66
7/6/2020,95
7/7/2020,92.32
7/8/2020,93.3
7/9/2020,91.28
7/10/2020,96.27
7/13/2020,97.65
7/14/2020,98.21
7/15/2020,99.73
7/16/2020,100.01
7/17/2020,98.16
7/20/2020,97.3
7/21/2020,99.41
7/22/2020,98.69
7/23/2020,98.98
7/24/2020,98.28
7/27/2020,96.9
7/28/2020,97.32
7/29/2020,99.68
7/30/2020,97.02
7/31/2020,96.64
8/3/2020,96.1
8/4/2020,95.55
8/5/2020,97.21
8/6/2020,97.24
8/7/2020,99.38
8/10/2020,100.64
8/11/2020,103.82
8/12/2020,102.94
8/13/2020,102.37
8/14/2020,102.41
8/17/2020,99.71
8/18/2020,98.32
8/19/2020,98.55
8/20/2020,97.37
8/21/2020,97.32
8/24/2020,100.06
8/25/2020,100.5
8/26/2020,99.09
8/27/2020,102.35
8/28/2020,102.77
8/31/2020,100.19
9/1/2020,100.14
9/2/2020,101.65
9/3/2020,101.33
9/4/2020,103.52
9/8/2020,99.92
9/9/2020,100.87
9/10/2020,99.83
9/11/2020,101.07
9/14/2020,102.47
9/15/2020,99.28
9/16/2020,99.7
9/17/2020,98.56
9/18/2020,98.35
9/21/2020,95.31
9/22/2020,94.27
9/23/2020,92.74
9/24/2020,92.66
9/25/2020,93.47
9/28/2020,96.16
9/29/2020,95.35
9/30/2020,96.27
10/1/2020,96.97
10/2/2020,97.89
10/5/2020,99.04
10/6/2020,98.02
10/7/2020,99.73
10/8/2020,101.78
10/9/2020,101.2
10/12/2020,102.44
10/13/2020,100.78
10/14/2020,100.22
10/15/2020,101.72
10/16/2020,101.51
10/19/2020,99.8
10/20/2020,100.37
10/21/2020,99.37
10/22/2020,102.88
10/23/2020,103.81
10/26/2020,101.24
10/27/2020,99.33
10/28/2020,96.54
10/29/2020,97.17
10/30/2020,98.04
11/2/2020,100.25
11/3/2020,103.41
11/4/2020,100.25
11/5/2020,104.35
11/6/2020,102.96
11/9/2020,116.9
11/10/2020,116.52
11/11/2020,114.78
11/12/2020,113.37
11/13/2020,114.08
11/16/2020,117.3
11/17/2020,116.11
11/18/2020,115.25
11/19/2020,115.56
11/20/2020,114.57
11/23/2020,117.87
11/24/2020,123.32
11/25/2020,122.03
11/27/2020,121.22
11/30/2020,117.88
12/1/2020,119.74
12/2/2020,122.04
12/3/2020,121.24
12/4/2020,122.34
12/7/2020,121.88
12/8/2020,122
12/9/2020,121.05
12/10/2020,120.27
12/11/2020,119.56
12/14/2020,118.3
12/15/2020,120.32
12/16/2020,120.67
12/17/2020,119.67
12/18/2020,119.08
12/21/2020,123.55
12/22/2020,121.67
12/23/2020,125.07
12/24/2020,124.52
12/28/2020,125.34
12/29/2020,125.01
12/30/2020,125.36
12/31/2020,127.07
1/4/2021,125.87
1/5/2021,125.65
1/6/2021,131.55
1/7/2021,135.87
1/8/2021,136.02
1/11/2021,138.05
1/12/2021,140.22
1/13/2021,140.35
1/14/2021,141.17
1/15/2021,138.64
1/19/2021,138.04
1/20/2021,135.97
1/21/2021,134.83
1/22/2021,133.79
1/25/2021,132.12
1/26/2021,131.58
1/27/2021,127.86
1/28/2021,130.11
1/29/2021,128.67
2/1/2021,129.62
2/2/2021,133.61
2/3/2021,135.14
2/4/2021,138.25
2/5/2021,137.98
2/8/2021,140.14
2/9/2021,139.58
2/10/2021,139.66
2/11/2021,139.27
2/12/2021,141.25
2/16/2021,144.65
2/17/2021,145.1
2/18/2021,145.59
2/19/2021,148.02
2/22/2021,149.41
2/23/2021,150.61
2/24/2021,153.26
2/25/2021,151.18
2/26/2021,147.17
3/1/2021,150.5
3/2/2021,150.01
3/3/2021,152.91
3/4/2021,150.56
3/5/2021,150.91
3/8/2021,152.91
3/9/2021,151.83
3/10/2021,155.13
3/11/2021,154.32
3/12/2021,156.15
3/15/2021,155.37
3/16/2021,153.51
3/17/2021,155.09
3/18/2021,157.65
3/19/2021,155.14
3/22/2021,150.97
3/23/2021,149.46
3/24/2021,150.62
3/25/2021,152.55
3/26/2021,155.09
3/29/2021,152.68
3/30/2021,154.48
3/31/2021,152.23
4/1/2021,153.71
4/5/2021,153.62
4/6/2021,152.54
4/7/2021,154.93
4/8/2021,155.12
4/9/2021,156.28
4/12/2021,155.95
4/13/2021,154.09
4/14/2021,151.21
4/15/2021,152.17
4/16/2021,153.3
4/19/2021,152.65
4/20/2021,149.27
4/21/2021,150.54
4/22/2021,147.37
4/23/2021,150.19
4/26/2021,150.56
4/27/2021,151.25
4/28/2021,152.23
4/29/2021,155.19
4/30/2021,153.81
5/3/2021,153.36
5/4/2021,155.48
5/5/2021,157.52
5/6/2021,160.69
5/7/2021,161.24
5/10/2021,161.22
5/11/2021,158.54
5/12/2021,157.45
5/13/2021,161.5
5/14/2021,164.01
5/17/2021,164.67
5/18/2021,162.35
5/19/2021,161.11
5/20/2021,160.83
5/21/2021,162.66
5/24/2021,163.54
5/25/2021,161.85
5/26/2021,161.83
5/27/2021,164.35
5/28/2021,164.24
6/1/2021,166.05
6/2/2021,166.06
6/3/2021,166.17
6/4/2021,166.44
6/7/2021,165.66
6/8/2021,165
6/9/2021,162.94
6/10/2021,160.4
6/11/2021,160.29
6/14/2021,157.57
6/15/2021,155.18
6/16/2021,156.27
6/17/2021,151.76
6/18/2021,147.92
6/21/2021,150.43
6/22/2021,150.21
6/23/2021,151.12
6/24/2021,152.51
6/25/2021,154.05
6/28/2021,154.33
6/29/2021,154.14
6/30/2021,155.54
7/1/2021,157.08
7/2/2021,156.03
7/6/2021,153.41
7/7/2021,153.59
7/8/2021,150.94
7/9/2021,155.77
7/12/2021,158
7/13/2021,155.65
7/14/2021,155.12
7/15/2021,155.46
7/16/2021,151.91
7/19/2021,146.97
7/20/2021,149.71
7/21/2021,152.86
7/22/2021,150.93
7/23/2021,150.64
7/26/2021,151.65
7/27/2021,151.45
7/28/2021,151.7
7/29/2021,153
7/30/2021,151.78
8/2/2021,151.17
8/3/2021,152.89
8/4/2021,151.24
8/5/2021,153.15
8/6/2021,157.5
8/9/2021,157.33
8/10/2021,159.26
8/11/2021,161.16
8/12/2021,161.79
8/13/2021,159.98
8/16/2021,158.93
8/17/2021,157.01
8/18/2021,155.58
8/19/2021,154.28
8/20/2021,154.72
8/23/2021,156.7
8/24/2021,157.67
8/25/2021,160.92
8/26/2021,161.75
8/27/2021,163.05
8/30/2021,160.44
8/31/2021,159.95
9/1/2021,159.72
9/2/2021,160.46
9/3/2021,159.49
9/7/2021,159.21
9/8/2021,158.5
9/9/2021,159.19
9/10/2021,157.36
9/13/2021,159.86
9/14/2021,157.07
9/15/2021,158.16
9/16/2021,158.09
9/17/2021,157.68
9/20/2021,152.96
9/21/2021,152.98
9/22/2021,155.91
9/23/2021,161.18
9/24/2021,163.04
9/27/2021,166.98
9/28/2021,166.08
9/29/2021,165.95
9/30/2021,163.69
10/1/2021,167.13
10/4/2021,166.95
10/5/2021,168.66
10/6/2021,169.02
10/7/2021,170.09
10/8/2021,170.22
10/11/2021,166.64
10/12/2021,165.36
10/13/2021,161
10/14/2021,163.47
10/15/2021,166.61
10/18/2021,166.55
10/19/2021,168.57
10/20/2021,170.84
10/21/2021,169.5
10/22/2021,171.78
10/25/2021,170.94
10/26/2021,171.4
10/27/2021,167.83
10/28/2021,170.36
10/29/2021,169.89
11/1/2021,169.8
11/2/2021,170.47
11/3/2021,170.53
11/4/2021,168.29
11/5/2021,168.05
11/8/2021,169.06
11/9/2021,169.06
11/10/2021,167.62
11/11/2021,167.61
11/12/2021,166.86
11/15/2021,166.56
11/16/2021,165.36
11/17/2021,164.47
11/18/2021,163.05
11/19/2021,160.92
11/22/2021,164.35
11/23/2021,168.28
11/24/2021,166.96
11/26/2021,161.93
11/29/2021,161.23
11/30/2021,158.83
12/1/2021,157.89
12/2/2021,161.21
12/3/2021,158.29
12/6/2021,160.16
12/7/2021,162.57
12/8/2021,160.71
12/9/2021,160.46
12/10/2021,159.82
12/13/2021,157.92
12/14/2021,159.13
12/15/2021,157.94
12/16/2021,160.41
12/17/2021,156.76
12/20/2021,153.94
12/21/2021,156.09
12/22/2021,156.7
12/23/2021,157.26
12/27/2021,158.16
12/28/2021,158.64
12/29/2021,158.56
12/30/2021,158.48
